"Indicator","Country","2000_value","2000_notes","2000_source","2001_value","2001_notes","2001_source","2002_value","2002_notes","2002_source","2003_value","2003_notes","2003_source","2004_value","2004_notes","2004_source","2005_value","2005_notes","2005_source","2006_value","2006_notes","2006_source","2007_value","2007_notes","2007_source","2008_value","2008_notes","2008_source","2009_value","2009_notes","2009_source","2010_value","2010_notes","2010_source","2011_value","2011_notes","2011_source","2012_value","2012_notes","2012_source","2013_value","2013_notes","2013_source","2014_value","2014_notes","2014_source","2015_value","2015_notes","2015_source","2016_value","2016_notes","2016_source","2017_value","2017_notes","2017_source","2018_value","2018_notes","2018_source","2019_value","2019_notes","2019_source"
"Fixed-telephone subscriptions 100 inhabitants","Afghanistan","0.14","","","0.13","","","0.15","","","0.15","","","","","","","","","","","","","","","","","","0.02","","","0.06","","","0.04","","","0.29","","","0.30","","","0.31","","","0.32","","","0.32","","","0.33","","","0.34","","","0.35","",""
"Fixed-telephone subscriptions 100 inhabitants","Albania","4.88","","","6.31","","","7.04","","","8.18","","","8.84","","","9.04","","","8.36","","","9.89","","","11.44","","","12.21","","","11.30","","","11.57","","","10.71","","","9.68","","","8.14","","","7.84","","","8.61","","","8.55","","","8.62","","","8.43","",""
"Fixed-telephone subscriptions 100 inhabitants","Algeria","5.67","","","5.98","","","6.12","","","6.45","","","7.61","","","7.76","","","8.45","","","8.98","","","8.84","","","7.29","","","8.12","","","8.34","","","8.80","","","8.21","","","7.96","","","8.22","","","8.40","","","9.91","","","9.95","","","10.77","",""
"Fixed-telephone subscriptions 100 inhabitants","American Samoa","17.73","","","21.52","","","23.79","","","18.00","","","17.35","","","17.46","","","17.60","","","17.82","","","18.09","","","18.35","","","18.55","","","","","","17.96","","","17.95","","","17.74","","","17.92","","","","","","","","","","","","","",""
"Fixed-telephone subscriptions 100 inhabitants","Andorra","52.32","","","51.24","","","49.85","","","48.06","","","45.96","","","44.94","","","45.07","","","44.93","","","44.57","","","44.85","","","45.20","","","45.85","","","46.49","","","47.75","","","48.27","","","49.80","","","50.06","","","49.88","","","51.13","","","51.41","",""
"Fixed-telephone subscriptions 100 inhabitants","Angola","0.40","","","0.45","","","0.46","","","0.47","","","0.50","","","0.50","","","0.49","","","0.45","","","0.53","","","1.35","","","1.20","","","0.66","","","0.83","","","0.83","","","1.07","","","1.02","","","1.06","","","0.54","","","0.56","","","0.39","",""
"Fixed-telephone subscriptions 100 inhabitants","Anguilla","54.77","","","53.85","","","49.32","","","45.35","","","46.40","","","44.33","","","46.01","","","46.78","","","47.89","","","47.28","","","46.75","","","45.84","","","43.49","","","43.00","","","41.81","","","42.02","","","","","","","","","","","","","",""
"Fixed-telephone subscriptions 100 inhabitants","Antigua and Barbuda","50.38","","","48.26","","","48.59","","","47.92","","","47.30","","","44.78","","","45.34","","","45.11","","","44.50","","","43.06","","","41.26","","","39.76","","","36.68","","","36.20","","","21.52","","","21.38","","","23.81","","","25.15","","","","","","","",""
"Fixed-telephone subscriptions 100 inhabitants","Argentina","21.41","","","21.81","","","20.46","","","22.59","","","22.76","","","24.28","","","24.08","","","23.94","","","24.31","","","24.13","","","24.24","","","23.53","","","22.65","","","22.90","","","23.04","","","23.38","","","23.36","","","22.18","","","22.01","","","17.32","",""
"Fixed-telephone subscriptions 100 inhabitants","Armenia","17.38","","","17.42","","","17.89","","","18.68","","","19.29","","","19.94","","","20.41","","","21.30","","","21.55","","","20.77","","","20.59","","","20.40","","","20.24","","","19.96","","","19.67","","","18.85","","","18.11","","","17.01","","","16.19","","","15.27","",""
"Fixed-telephone subscriptions 100 inhabitants","Aruba","41.94","","","39.97","","","39.09","","","38.54","","ITU estimate.","38.49","","ITU estimate.","38.25","","","38.33","","","38.14","","","37.95","","","36.17","","ITU estimate.","34.46","","","","","","35.10","","ITU estimate.","33.93","","","33.73","","","33.54","","","","","","","","","","","","","",""
"Fixed-telephone subscriptions 100 inhabitants","Ascension","46.12","","","49.01","","","","","","50.85","","","50.23","","","","","","","","","","","","","","","","","","","","","","","","","","","","","","","","","","","","","","","","","","","","","","",""
"Fixed-telephone subscriptions 100 inhabitants","Australia","52.92","","","52.41","","","53.60","","","53.30","","","52.16","","","50.15","","","48.43","","","46.66","","","43.92","","","49.23","","","47.96","","","46.91","","","45.72","","","44.51","","","38.95","","","35.52","","","34.95","","","34.41","","","32.93","","","31.03","",""
"Fixed-telephone subscriptions 100 inhabitants","Austria","49.53","","","49.36","","","47.74","","","47.42","","","46.50","","","45.30","","","43.51","","","40.98","","","39.38","","","38.85","","","40.40","","","40.08","","","39.75","","","38.97","","","40.85","","","41.60","","","40.78","","","42.08","","","42.01","","","41.56","",""
"Fixed-telephone subscriptions 100 inhabitants","Azerbaijan","9.86","","","10.55","","","11.19","","","11.26","","","11.99","","","12.81","","","13.64","","","14.37","","","14.86","","","15.70","","","16.68","","","18.41","","","18.61","","","18.73","","","18.89","","","18.66","","","17.46","","","17.15","","","16.90","","","16.65","",""
"Fixed-telephone subscriptions 100 inhabitants","Bahamas","38.36","","","40.75","","","41.14","","","42.11","","","43.88","","","40.96","","","39.74","","","39.38","","","38.63","","","36.89","","","36.43","","","36.99","","","37.13","","","37.04","","","33.90","","","32.32","","","32.04","","","29.82","","","29.42","","","23.40","",""
"Fixed-telephone subscriptions 100 inhabitants","Bahrain","25.73","","","24.92","","","23.87","","","23.85","","","23.08","","","21.76","","","20.26","","","19.65","","","19.77","","","20.08","","","18.37","","","21.63","","","23.03","","","22.17","","","21.31","","","20.42","","","19.63","","","19.03","","","17.51","","","16.61","",""
"Fixed-telephone subscriptions 100 inhabitants","Bangladesh","0.38","","","0.43","","","0.46","","","0.55","","","0.61","","","0.77","","","0.80","","","0.83","","","0.93","","","0.85","","","0.87","","","0.65","","","0.64","","","0.71","","","0.63","","","0.55","","","0.48","","","0.44","","","0.90","","","0.89","",""
"Fixed-telephone subscriptions 100 inhabitants","Barbados","45.61","","","47.32","","","48.64","","","48.85","","","49.31","","","48.81","","","48.39","","","48.17","","","48.22","","","48.27","","","48.73","","","49.71","","","50.53","","","52.32","","","47.67","","","52.41","","","48.89","","","42.09","","","44.67","","","44.61","",""
"Fixed-telephone subscriptions 100 inhabitants","Belarus","27.88","","","29.17","","","30.45","","","31.73","","","33.02","","","34.35","","","35.39","","","38.73","","","39.33","","","42.23","","","43.93","","","44.69","","","46.80","","","47.42","","","47.86","","","48.10","","","47.80","","","47.62","","","47.49","","","47.09","",""
"Fixed-telephone subscriptions 100 inhabitants","Belgium","48.98","","","49.73","","","47.58","","","46.79","","","45.81","","","45.46","","","44.52","","","45.31","","","43.92","","","42.69","","","42.42","","","42.08","","","41.81","","","41.12","","","40.39","","","39.77","","","38.50","","","37.49","","","35.77","","","34.06","",""
"Fixed-telephone subscriptions 100 inhabitants","Belize","14.46","","","13.82","","","11.93","","","12.35","","","12.19","","","11.90","","","11.78","","","11.34","","","10.14","","","9.91","","","9.39","","","8.73","","","7.52","","","6.96","","","6.42","","","6.54","","","6.08","","","5.61","","","5.45","","","4.74","",""
"Fixed-telephone subscriptions 100 inhabitants","Benin","0.75","","","0.84","","","0.86","","","0.88","","","0.94","","","0.96","","","0.94","","","1.31","","","1.33","","","1.42","","","1.45","","","1.61","","","1.61","","","1.59","","","1.90","","","1.84","","","1.15","","","0.51","","","0.42","","","0.30","",""
"Fixed-telephone subscriptions 100 inhabitants","Bermuda","86.25","","","85.95","","","85.29","","","81.89","","","81.41","","","79.19","","","87.03","","","87.10","","","87.36","","","87.86","","","88.39","","","","","","106.59","","","111.83","","","45.65","","","18.84","","","32.12","","","34.71","","","","","","","",""
"Fixed-telephone subscriptions 100 inhabitants","Bhutan","2.39","","","2.91","","","3.18","","","3.77","","","4.74","","","5.09","","","4.80","","","4.49","","","4.09","","","3.88","","","3.84","","","3.97","","","3.85","","","3.73","","","3.31","","","3.00","","","2.86","","","2.87","","","2.92","","","2.83","",""
"Fixed-telephone subscriptions 100 inhabitants","Bolivia (Plurinational State of)","6.07","","","6.11","","","6.76","","","6.85","","","6.90","","","7.00","","","7.09","","","7.10","","","8.12","","","8.14","","","8.47","","","8.60","","","8.48","","","8.29","","","8.18","","","8.11","","","7.86","","","7.60","","","6.27","","","5.67","",""
"Fixed-telephone subscriptions 100 inhabitants","Bosnia and Herzegovina","20.79","","","22.55","","","24.02","","","24.93","","","25.28","","","25.73","","","26.27","","","28.29","","","27.47","","","26.73","","","26.95","","","26.11","","","24.59","","","23.89","","","24.34","","","22.53","","","22.00","","","22.66","","","23.84","","","22.06","",""
"Fixed-telephone subscriptions 100 inhabitants","Botswana","8.27","","","8.85","","","8.69","","","7.58","","","7.46","","","7.59","","","7.19","","","7.30","","","7.43","","","7.03","","","6.92","","","7.42","","","7.87","","","8.44","","","8.10","","","7.57","","","6.58","","","6.40","","","6.32","","","6.19","",""
"Fixed-telephone subscriptions 100 inhabitants","Brazil","17.69","","","21.12","","","21.62","","","21.56","","","21.51","","","21.41","","","20.62","","","20.72","","","21.47","","","21.40","","","21.53","","","21.78","","","22.23","","","22.40","","","21.76","","","21.36","","","20.37","","","19.43","","","18.29","","","15.97","",""
"Fixed-telephone subscriptions 100 inhabitants","British Virgin Islands","51.20","","","50.79","","","55.40","","","72.97","","","77.67","","","68.22","","","64.03","","","58.90","","","54.53","","","50.18","","","45.90","","","44.19","","","42.82","","","41.88","","","40.87","","","40.32","","","38.04","","","32.27","","","21.02","","","","",""
"Fixed-telephone subscriptions 100 inhabitants","Brunei Darussalam","24.16","","","26.01","","","23.44","","","23.19","","","23.12","","","22.98","","","21.65","","","21.22","","","21.29","","","20.98","","","20.56","","","20.28","","","17.78","","","","","","17.48","","","18.32","","","17.68","","","19.74","","","19.25","","","19.98","",""
"Fixed-telephone subscriptions 100 inhabitants","Bulgaria","36.03","","","36.40","","","36.51","","","36.10","","","35.21","","","32.39","","","31.44","","","30.36","","","29.10","","","29.51","","","29.15","","","30.80","","","29.08","","","26.64","","","25.08","","","22.99","","","20.68","","","18.16","","","15.89","","","13.93","",""
"Fixed-telephone subscriptions 100 inhabitants","Burkina Faso","0.46","","","0.49","","","0.50","","","0.53","","","0.65","","","0.68","","","0.69","","","0.82","","","1.01","","","1.01","","","0.92","","","0.88","","","0.85","","","0.80","","","0.71","","","0.41","","","0.41","","","0.40","","","0.39","","","0.37","",""
"Fixed-telephone subscriptions 100 inhabitants","Burundi","0.31","","","0.31","","","0.33","","","0.35","","","0.39","","","0.38","","ITU estimate.","0.37","","","0.36","","","0.37","","","0.37","","","0.40","","","0.33","","","0.19","","","0.22","","","0.22","","","0.21","","","0.19","","","0.22","","","0.22","","","0.18","",""
"Fixed-telephone subscriptions 100 inhabitants","Cabo Verde","12.76","","","14.72","","","15.85","","","15.94","","","15.70","","","15.46","","","15.26","","","15.11","","","14.94","","","14.77","","","14.61","","","14.93","","","13.90","","","12.93","","","11.50","","","12.12","","","12.19","","","12.09","","","11.53","","","10.46","",""
"Fixed-telephone subscriptions 100 inhabitants","Cambodia","0.25","","","0.27","","","0.28","","","0.24","","","0.25","","","0.25","","","0.19","","","0.27","","","0.31","","","0.38","","","2.51","","","3.64","","","3.95","","","2.80","","","2.36","","","1.65","","","1.44","","","0.83","","","0.54","","","0.34","",""
"Fixed-telephone subscriptions 100 inhabitants","Cameroon","0.61","","","0.67","","","0.68","","","0.58","","","0.58","","","0.57","","","0.72","","","1.01","","","1.33","","","2.20","","","2.65","","","3.20","","","3.43","","","3.62","","","5.10","","","4.51","","","4.39","","","3.61","","","3.58","","","3.31","",""
"Fixed-telephone subscriptions 100 inhabitants","Canada","68.13","","","68.41","","","66.14","","","65.46","","","64.63","","","56.42","","","56.05","","","55.52","","","54.74","","","55.44","","","53.87","","","52.91","","","50.76","","","47.94","","","45.99","","","43.34","","","41.66","","","39.39","","","37.34","","","35.46","",""
"Fixed-telephone subscriptions 100 inhabitants","Cayman Islands","82.74","","","86.49","","","83.79","","","81.49","","ITU estimate.","79.33","","ITU estimate.","77.14","","ITU estimate.","74.89","","ITU estimate.","67.04","","","66.44","","","65.35","","","65.91","","","64.32","","","63.42","","","61.26","","","54.07","","","54.33","","","54.53","","","54.85","","","","","","","",""
"Fixed-telephone subscriptions 100 inhabitants","Central African Rep.","0.26","","","0.24","","","0.24","","","0.24","","","0.25","","","0.25","","","","","","","","","","","","0.08","","","0.02","","","0.02","","","0.02","","","0.02","","","0.02","","","0.04","","","0.04","","","0.05","","","0.05","","","","",""
"Fixed-telephone subscriptions 100 inhabitants","Chad","0.12","","","0.12","","","0.13","","","0.13","","","0.13","","","0.13","","","0.19","","ITU estimate.","0.30","","ITU estimate.","0.40","","ITU estimate.","0.50","","","0.43","","","0.26","","","0.22","","","0.24","","","0.17","","","0.12","","","0.09","","","0.06","","","0.06","","","0.04","",""
"Fixed-telephone subscriptions 100 inhabitants","Chile","21.53","","","22.42","","","22.10","","","20.52","","","20.89","","","21.38","","","20.69","","","20.93","","","21.10","","","21.05","","","20.27","","","19.56","","","18.92","","","19.05","","","19.30","","","19.18","","","18.53","","","17.33","","","16.00","","","14.51","",""
"Fixed-telephone subscriptions 100 inhabitants","China","11.22","","","13.88","","","16.39","","","19.98","","","23.56","","","26.33","","","27.48","","","27.16","","","25.15","","","23.05","","","21.51","","","20.71","","","20.09","","","19.18","","","17.82","","","16.42","","","14.61","","","13.64","","","13.45","","","13.32","",""
"Fixed-telephone subscriptions 100 inhabitants","Cocos Keeling Islands","","","","","","","","","","","","","","","","","","","","","","","","","","","","","","","","","","","","","","","","","","","","","","","","","","","","","","","","","","","",""
"Fixed-telephone subscriptions 100 inhabitants","Colombia","18.15","","","18.31","","","19.00","","","18.92","","","18.04","","","18.01","","","18.19","","","18.12","","","17.92","","","16.70","","","15.89","","","15.61","","","15.34","","","15.36","","","15.29","","","14.96","","","14.77","","","14.29","","","14.04","","","13.93","",""
"Fixed-telephone subscriptions 100 inhabitants","Comoros","1.25","","","1.60","","","1.80","","","2.27","","","2.53","","","2.77","","","3.04","","","4.06","","","4.38","","","4.57","","","3.08","","","3.28","","","3.32","","ITU estimate.","3.10","","","3.09","","","1.88","","","1.64","","","2.11","","","1.24","","","1.18","",""
"Fixed-telephone subscriptions 100 inhabitants","Congo (Rep. of the)","0.70","","","0.68","","","0.66","","","0.21","","","0.39","","","0.44","","","0.37","","","0.35","","","0.23","","","0.28","","","0.31","","","0.32","","","0.33","","","0.34","","","0.34","","","0.35","","","0.34","","","0.33","","","","","","","",""
"Fixed-telephone subscriptions 100 inhabitants","Cook Islands","31.68","","","32.78","","","33.76","","","35.29","","","34.91","","","34.82","","","34.74","","","35.82","","","35.57","","","36.94","","","39.30","","","40.91","","","43.17","","","43.74","","","","","","","","","37.10","","","37.56","","","","","","","",""
"Fixed-telephone subscriptions 100 inhabitants","Costa Rica","22.68","","","23.42","","","25.31","","","27.84","","","31.79","","","32.40","","","30.60","","","32.62","","","32.21","","","33.17","","","23.17","","","22.27","","","21.23","","","20.42","","","18.38","","","17.73","","","17.11","","","16.44","","","15.36","","","12.69","",""
"Fixed-telephone subscriptions 100 inhabitants","Croatia","38.87","","","40.40","","","41.52","","","42.64","","","43.06","","","43.00","","","41.89","","","42.33","","","43.15","","","42.83","","","43.11","","","42.85","","","40.59","","","39.01","","","36.87","","","34.88","","","34.12","","","33.50","","","32.62","","","32.29","",""
"Fixed-telephone subscriptions 100 inhabitants","Cuba","4.39","","","5.14","","","5.94","","","6.45","","","6.83","","","7.60","","","8.54","","","9.38","","","9.68","","","9.97","","","10.37","","","10.62","","","10.81","","","10.97","","","11.19","","","11.44","","","11.66","","","11.90","","","12.21","","","12.77","",""
"Fixed-telephone subscriptions 100 inhabitants","Curacao","","","","","","","","","","","","","","","","","","","","","","","","","","","","57.15","","","52.85","","","44.69","","","41.25","","","40.64","","","38.59","","","39.14","","","36.78","","","38.09","","","36.13","","","32.74","",""
"Fixed-telephone subscriptions 100 inhabitants","Cyprus","63.10","","","61.66","","","59.89","","","58.67","","","57.08","","","56.46","","","53.88","","","52.71","","","51.87","","","50.61","","","49.20","","","46.99","","","43.10","","","40.69","","","38.71","","","38.16","","","37.50","","","36.71","","","36.05","","","37.48","",""
"Fixed-telephone subscriptions 100 inhabitants","Czech Republic","37.63","","","37.59","","","35.85","","","35.42","","","33.48","","","31.36","","","28.04","","","23.20","","","23.77","","","24.09","","","22.47","","","20.86","","","20.01","","","18.90","","","18.90","","","17.98","","","16.56","","","15.41","","","14.18","","","13.98","",""
"Fixed-telephone subscriptions 100 inhabitants","CÃ´te d'Ivoire","1.60","","","1.74","","","1.89","","","1.35","","","1.44","","","1.41","","","1.44","","","1.29","","","1.82","","","1.41","","","1.38","","","1.31","","","1.28","","","1.23","","","1.07","","","1.19","","","1.21","","","1.25","","","1.21","","","1.06","",""
"Fixed-telephone subscriptions 100 inhabitants","Dem. People's Rep. of Korea","2.18","","","3.72","","","3.92","","","4.16","","","4.21","","","4.18","","","4.16","","","4.88","","","4.85","","","4.83","","","4.81","","","4.78","","","4.76","","","4.73","","","4.71","","","4.69","","","4.66","","","4.64","","","","","","","",""
"Fixed-telephone subscriptions 100 inhabitants","Dem. Rep. of the Congo","0.02","","","0.02","","","0.02","","","0.02","","","0.02","","","0.02","","","0.02","","","0.01","","","0.06","","","0.07","","","0.07","","","0.09","","","0.09","","","0.00","","","0.00","","","0.00","","","0.00","","","0.00","","","0.00","","","0.00","",""
"Fixed-telephone subscriptions 100 inhabitants","Denmark","71.80","","","72.13","","","68.88","","","67.09","","","64.62","","","61.76","","","56.91","","","51.65","","","54.11","","","50.20","","","47.05","","","44.45","","","40.98","","","37.15","","","33.06","","","26.71","","","24.43","","","19.17","","","19.50","","","17.39","",""
"Fixed-telephone subscriptions 100 inhabitants","Djibouti","1.35","","","1.35","","","1.36","","","1.34","","","1.44","","","1.35","","","1.42","","","1.75","","","1.83","","","2.03","","","2.20","","","2.16","","","2.30","","","2.34","","","2.44","","","2.51","","","2.68","","","3.87","","","3.84","","","3.81","",""
"Fixed-telephone subscriptions 100 inhabitants","Dominica","32.59","","","33.38","","","33.95","","","32.05","","","29.78","","","26.92","","","24.75","","","24.65","","","24.71","","ITU estimate.","23.29","","ITU estimate.","21.85","","","21.14","","","22.88","","","24.14","","","23.14","","","28.92","","","18.69","","","18.14","","","3.71","","","","",""
"Fixed-telephone subscriptions 100 inhabitants","Dominican Rep.","10.56","","","11.11","","","10.42","","","10.27","","","10.05","","","9.85","","","9.73","","","9.71","","","10.42","","","10.08","","","10.45","","","11.21","","","11.37","","","11.65","","","12.06","","","12.69","","","12.94","","","12.65","","","12.03","","","11.28","",""
"Fixed-telephone subscriptions 100 inhabitants","Ecuador","9.66","","","10.34","","","10.74","","","11.45","","","11.70","","","12.15","","","12.63","","","12.75","","","13.12","","","13.63","","","13.89","","","14.50","","","14.92","","","15.25","","","15.31","","","15.50","","","14.87","","","14.39","","","13.82","","","12.64","",""
"Fixed-telephone subscriptions 100 inhabitants","Egypt","7.97","","","9.54","","","10.90","","","12.00","","","12.76","","","13.77","","","14.06","","","14.35","","","14.88","","","12.71","","","11.62","","","10.31","","","9.90","","","7.72","","","6.98","","","6.74","","","6.48","","","6.85","","","7.99","","","8.73","",""
"Fixed-telephone subscriptions 100 inhabitants","El Salvador","10.62","","","10.96","","","11.20","","","12.56","","","14.74","","","16.05","","","17.05","","","17.69","","","17.57","","","17.85","","","16.19","","","16.58","","","16.98","","","15.33","","","15.15","","","14.93","","","14.81","","","14.53","","","14.38","","","","",""
"Fixed-telephone subscriptions 100 inhabitants","Equatorial Guinea","1.01","","","1.09","","","1.34","","","1.40","","","1.46","","","1.33","","","1.27","","","1.22","","","1.16","","","1.11","","","1.43","","","1.47","","","1.44","","","1.38","","","1.35","","","0.97","","","0.90","","","0.89","","","0.83","","","","",""
"Fixed-telephone subscriptions 100 inhabitants","Eritrea","1.33","","","1.32","","","1.45","","","1.46","","","1.44","","","1.33","","","1.29","","","1.25","","","1.32","","","1.55","","","1.71","","","1.82","","","1.85","","","1.89","","","1.93","","","1.97","","","1.96","","","1.94","","","","","","","",""
"Fixed-telephone subscriptions 100 inhabitants","Estonia","37.37","","","36.38","","","34.35","","","33.58","","","32.56","","","32.61","","","33.49","","","36.86","","","37.17","","","36.88","","","36.20","","","35.54","","","33.87","","","32.33","","","30.94","","","29.47","","","28.15","","","27.45","","","26.13","","","24.47","",""
"Fixed-telephone subscriptions 100 inhabitants","Eswatini","3.17","","","3.33","","","3.44","","","4.52","","","4.34","","","4.28","","","4.27","","","4.30","","","4.30","","","4.27","","","4.97","","","7.07","","","4.22","","","4.23","","","4.05","","","3.89","","","3.77","","","3.65","","","","","","","",""
"Fixed-telephone subscriptions 100 inhabitants","Ethiopia","0.35","","","0.42","","","0.50","","","0.56","","","0.65","","","0.80","","","0.92","","","1.09","","","1.08","","","1.07","","","1.04","","","0.92","","","0.86","","","0.80","","","0.84","","","0.88","","","1.11","","","1.11","","","","","","","",""
"Fixed-telephone subscriptions 100 inhabitants","Falkland (Malvinas) Is.","78.98","","","80.35","","","81.68","","","87.93","","","87.42","","","86.98","","","81.80","","","80.01","","","68.08","","","67.71","","","68.56","","","69.93","","","70.17","","","73.05","","","73.75","","","70.57","","","77.02","","","65.19","","","","","","","",""
"Fixed-telephone subscriptions 100 inhabitants","Faroe Islands","53.39","","","49.27","","","51.68","","","51.21","","","50.33","","","49.92","","","48.22","","","46.96","","","45.63","","","43.77","","","42.19","","","40.90","","","39.05","","","45.05","","","43.78","","","41.80","","","39.60","","","37.29","","","35.44","","","","",""
"Fixed-telephone subscriptions 100 inhabitants","Fiji","10.65","","","11.33","","","11.96","","","12.50","","","12.84","","","13.69","","","13.89","","","14.57","","","15.27","","","16.02","","","15.10","","","15.04","","","10.22","","","8.11","","","8.74","","","8.35","","","8.50","","","8.66","","","8.66","","","","",""
"Fixed-telephone subscriptions 100 inhabitants","Finland","54.91","","","53.96","","","52.28","","","49.12","","","45.17","","","40.31","","","36.19","","","32.84","","","31.02","","","26.77","","","23.30","","","20.04","","","16.43","","","13.83","","","11.70","","","9.80","","","8.32","","","6.86","","","5.85","","","4.86","",""
"Fixed-telephone subscriptions 100 inhabitants","France","57.59","","","57.40","","","57.06","","","56.29","","","55.53","","","55.15","","","55.48","","","56.25","","","56.42","","","65.45","","","64.60","","","63.85","","","62.47","","","61.16","","","60.45","","","60.40","","","60.32","","","59.73","","","58.67","","","58.03","",""
"Fixed-telephone subscriptions 100 inhabitants","French Guiana","30.64","","","29.92","","","28.56","","","27.27","","","26.11","","","25.13","","","24.30","","","23.59","","","22.97","","","21.16","","","19.53","","","","","","","","","","","","","","","","","","","","","","","","","","","","",""
"Fixed-telephone subscriptions 100 inhabitants","French Polynesia","22.31","","","21.78","","","21.35","","","21.18","","","20.81","","","20.63","","","20.55","","","20.59","","","20.66","","","20.48","","","20.62","","","20.55","","","23.25","","","22.86","","","22.43","","","22.22","","","22.04","","","31.38","","","32.51","","","","",""
"Fixed-telephone subscriptions 100 inhabitants","Gabon","3.17","","","2.96","","","2.49","","","2.91","","","2.86","","","2.81","","","2.55","","","1.80","","","2.18","","","2.32","","","1.87","","","1.34","","","1.29","","","1.06","","","0.98","","","0.96","","","0.94","","","1.03","","","1.03","","","1.03","",""
"Fixed-telephone subscriptions 100 inhabitants","Gambia","2.53","","","2.58","","","2.73","","","2.90","","","2.87","","","2.85","","","2.91","","","2.97","","","2.89","","","2.78","","","2.72","","","2.73","","","3.37","","","3.27","","","2.76","","","2.16","","","1.77","","","1.45","","","1.93","","","","",""
"Fixed-telephone subscriptions 100 inhabitants","Georgia","11.66","","","13.24","","","15.04","","","15.74","","","16.17","","","13.54","","","13.20","","","13.35","","","14.92","","","15.05","","","27.13","","","32.85","","","31.39","","","29.65","","","27.19","","","23.61","","","20.93","","","17.81","","","15.10","","","12.98","",""
"Fixed-telephone subscriptions 100 inhabitants","Germany","61.69","","","64.24","","","65.82","","","66.45","","","66.78","","","67.14","","","66.77","","","65.33","","","62.05","","","66.38","","","65.45","","","63.57","","","61.87","","","59.99","","","57.73","","","55.45","","","55.11","","","53.72","","","51.13","","","48.37","",""
"Fixed-telephone subscriptions 100 inhabitants","Ghana","1.10","","","1.24","","","1.36","","","1.40","","","1.47","","","1.47","","","1.59","","","1.64","","","0.61","","","1.11","","","1.12","","","1.12","","","1.10","","","1.02","","","0.96","","","0.99","","","0.88","","","1.04","","","0.94","","","0.95","",""
"Fixed-telephone subscriptions 100 inhabitants","Gibraltar","75.75","","","77.56","","","76.48","","","76.79","","","77.00","","","75.26","","","71.82","","","71.61","","","71.52","","","71.50","","","71.46","","","71.40","","","68.68","","","","","","69.38","","","","","","50.47","","","58.57","","","52.41","","","50.35","",""
"Fixed-telephone subscriptions 100 inhabitants","Greece","51.07","","","50.36","","","56.28","","","56.16","","","56.54","","","56.23","","","55.17","","","49.18","","","47.59","","","54.75","","","54.17","","","53.05","","","50.66","","","50.21","","","49.71","","","49.35","","","49.00","","","48.98","","","48.26","","","46.03","",""
"Fixed-telephone subscriptions 100 inhabitants","Greenland","46.60","","","42.99","","","44.82","","","44.52","","","44.19","","","56.45","","","63.16","","","40.68","","","40.14","","","38.85","","","38.53","","","35.18","","","33.49","","","31.91","","","30.51","","","28.38","","","","","","16.41","","","14.25","","","12.59","",""
"Fixed-telephone subscriptions 100 inhabitants","Grenada","30.49","","","31.72","","","32.37","","","31.39","","","31.34","","","26.20","","","26.40","","","27.12","","","27.10","","","26.78","","","26.70","","","26.29","","ITU estimate.","25.81","","ITU estimate.","26.43","","","25.05","","","24.67","","","24.28","","","29.30","","","20.23","","","","",""
"Fixed-telephone subscriptions 100 inhabitants","Guadeloupe","48.55","","","49.97","","","51.67","","","53.55","","","55.41","","","57.09","","","58.73","","","59.89","","","60.90","","","61.86","","","62.97","","","","","","","","","","","","","","","","","","","","","","","","","","","","",""
"Fixed-telephone subscriptions 100 inhabitants","Guam","47.88","","","51.15","","","44.54","","","41.55","","","41.43","","","41.35","","","41.29","","","41.23","","","41.19","","","41.14","","","41.08","","","","","","41.88","","","41.77","","","41.86","","","42.01","","","","","","","","","","","","","",""
"Fixed-telephone subscriptions 100 inhabitants","Guatemala","5.81","","","6.34","","","6.93","","","7.55","","","8.85","","","9.53","","","10.11","","","10.32","","","10.34","","","9.87","","","10.24","","","10.88","","","11.42","","","11.95","","","10.79","","","10.58","","","14.80","","","14.55","","","14.12","","","11.23","",""
"Fixed-telephone subscriptions 100 inhabitants","Guernsey","84.65","","","97.74","","","99.50","","","81.86","","","80.89","","","85.08","","","89.80","","","","","","","","","","","","","","","","","","","","","","","","","","","","","","","","","","","","","","","","",""
"Fixed-telephone subscriptions 100 inhabitants","Guinea","0.30","","","0.30","","","0.30","","","0.30","","","0.29","","","0.27","","","0.25","","","0.23","","","0.28","","","0.22","","","0.18","","","0.17","","","0.00","","","0.00","","","0.00","","","0.00","","","0.00","","","0.00","","","0.00","","","","",""
"Fixed-telephone subscriptions 100 inhabitants","Guinea-Bissau","0.93","","","0.81","","","0.89","","","0.82","","","0.74","","","0.71","","","0.49","","","0.32","","","0.32","","","0.33","","","0.00","","","0.00","","","0.00","","","0.00","","","0.00","","","0.00","","","0.00","","","0.00","","","0.00","","","","",""
"Fixed-telephone subscriptions 100 inhabitants","Guyana","9.16","","","10.72","","","10.80","","","12.39","","","13.77","","","14.76","","","15.81","","ITU estimate.;","17.20","","","18.59","","","19.67","","","20.00","","","20.25","","","20.41","","","20.65","","","20.92","","","20.07","","","18.36","","","17.52","","","","","","","",""
"Fixed-telephone subscriptions 100 inhabitants","Haiti","0.86","","","0.93","","","1.49","","","1.57","","","1.55","","","1.58","","","1.61","","","1.14","","","1.12","","","1.09","","","0.50","","","0.50","","","0.49","","","0.39","","","0.39","","","0.05","","","0.05","","","0.05","","","0.05","","","0.05","",""
"Fixed-telephone subscriptions 100 inhabitants","Honduras","4.54","","","4.59","","","4.65","","","4.71","","","5.32","","","6.62","","","9.37","","","10.52","","","10.35","","","8.79","","","8.10","","","7.24","","","7.07","","","7.04","","","5.89","","","5.45","","","4.78","","","5.21","","","5.55","","","5.03","",""
"Fixed-telephone subscriptions 100 inhabitants","Hong Kong, China","59.43","","","58.48","","","57.18","","","56.60","","","55.80","","","56.03","","","56.39","","","61.54","","","60.78","","","61.77","","","62.61","","","61.97","","","62.18","","","62.34","","","61.92","","","60.28","","","59.62","","","58.16","","","56.92","","","54.19","",""
"Fixed-telephone subscriptions 100 inhabitants","Hungary","37.16","","","36.71","","","36.09","","","35.53","","","35.24","","","33.87","","","33.42","","","32.43","","","30.97","","","30.81","","","29.99","","","29.64","","","30.01","","","30.28","","","30.71","","","31.65","","","31.99","","","32.19","","","31.73","","","31.48","",""
"Fixed-telephone subscriptions 100 inhabitants","Iceland","70.01","","","69.47","","","65.89","","","66.87","","","65.43","","","65.72","","","62.92","","","61.17","","","64.18","","","60.17","","","60.44","","","59.08","","","55.27","","","51.35","","","52.20","","","50.92","","","49.54","","","43.72","","","40.60","","","37.04","",""
"Fixed-telephone subscriptions 100 inhabitants","India","3.07","","","3.58","","","3.79","","","3.78","","","4.09","","","4.37","","","3.50","","","3.32","","","3.16","","","3.04","","","2.84","","","2.63","","","2.44","","","2.27","","","2.08","","","1.95","","","1.84","","","1.74","","","1.62","","","1.54","",""
"Fixed-telephone subscriptions 100 inhabitants","Indonesia","3.15","","","3.37","","","3.57","","","3.66","","","4.65","","","5.97","","","6.46","","","8.40","","","12.90","","","14.59","","","16.93","","","15.75","","","15.29","","","12.20","","","10.28","","","4.02","","","4.11","","","4.18","","","3.10","","","3.57","",""
"Fixed-telephone subscriptions 100 inhabitants","Iran (Islamic Republic of)","14.46","","","16.40","","","19.15","","","22.52","","","23.70","","","29.15","","","32.07","","","33.41","","","34.39","","","35.38","","","35.00","","","37.20","","","38.07","","","38.82","","","37.92","","","38.75","","","38.80","","","38.51","","","37.26","","","34.92","",""
"Fixed-telephone subscriptions 100 inhabitants","Iraq","2.87","","","2.79","","","4.53","","","4.61","","","3.93","","ITU estimate.","4.14","","","4.54","","","4.89","","","3.81","","","5.70","","","5.79","","","5.84","","ITU estimate.","5.87","","ITU estimate.","5.73","","","5.66","","","5.61","","","5.55","","","8.62","","","7.04","","","7.27","",""
"Fixed-telephone subscriptions 100 inhabitants","Ireland","48.43","","","48.41","","","50.54","","","49.12","","","49.65","","","49.55","","","51.45","","","52.23","","","50.33","","","47.43","","","45.63","","","44.58","","","43.57","","","44.08","","","43.71","","","41.53","","","40.84","","","39.39","","","37.96","","","36.19","",""
"Fixed-telephone subscriptions 100 inhabitants","Israel","50.02","","","50.04","","","48.73","","","46.40","","","45.27","","","44.97","","","44.98","","","44.90","","","45.92","","","46.12","","","46.39","","","46.75","","","47.20","","","43.94","","","43.63","","","42.76","","","41.19","","","39.30","","","38.18","","","36.86","",""
"Fixed-telephone subscriptions 100 inhabitants","Italy","47.90","","","48.09","","","47.47","","","46.20","","","44.79","","","42.98","","","45.93","","","38.16","","","37.40","","","38.31","","","37.99","","","37.10","","","36.32","","","35.07","","","34.07","","","33.36","","","33.41","","","34.12","","","33.64","","","32.24","",""
"Fixed-telephone subscriptions 100 inhabitants","Jamaica","18.59","","","19.12","","","16.15","","","16.93","","","15.52","","","11.64","","","12.44","","","13.35","","","11.38","","","10.82","","","9.36","","","9.56","","","8.91","","","8.76","","","8.85","","","8.75","","","10.67","","","10.17","","","12.40","","","13.50","",""
"Fixed-telephone subscriptions 100 inhabitants","Japan","48.58","","","48.02","","","47.52","","","47.02","","","46.49","","","45.24","","","43.63","","","39.87","","","37.67","","","51.96","","","51.05","","","50.33","","","50.01","","","49.89","","","49.59","","","49.78","","","50.19","","","50.16","","","49.88","","","49.46","",""
"Fixed-telephone subscriptions 100 inhabitants","Jersey","84.11","","","84.79","","","84.47","","","84.09","","","84.09","","","84.09","","","84.09","","","84.09","","","","","","","","","","","","","","","","","","","","","","","","","","","","","","","","","","","","","",""
"Fixed-telephone subscriptions 100 inhabitants","Jordan","12.10","","","12.65","","","12.68","","","11.46","","","11.43","","","10.89","","","10.25","","","8.94","","","7.92","","","7.27","","","6.69","","","6.07","","","5.37","","","4.44","","","4.21","","","3.98","","","4.23","","","3.65","","","3.70","","","3.52","",""
"Fixed-telephone subscriptions 100 inhabitants","Kazakhstan","12.29","","","13.01","","","13.90","","","14.76","","","16.72","","","17.58","","","18.83","","","20.61","","","21.80","","","24.04","","","24.97","","","25.87","","","26.04","","","25.80","","","25.16","","","23.60","","","22.05","","","20.39","","","17.50","","","16.56","",""
"Fixed-telephone subscriptions 100 inhabitants","Kenya","0.91","","","0.94","","","0.95","","","0.95","","","0.84","","","0.78","","","0.78","","","1.20","","","1.62","","","1.62","","","0.91","","","0.66","","","0.57","","","0.45","","","0.39","","","0.18","","","0.15","","","0.14","","","0.13","","","0.13","",""
"Fixed-telephone subscriptions 100 inhabitants","Kiribati","3.97","","","4.23","","","5.12","","","4.95","","","4.75","","","4.55","","","4.24","","","4.14","","","4.05","","","8.22","","","8.16","","","8.08","","","7.52","","","5.56","","","1.83","","","1.33","","","0.77","","","0.67","","","0.00","","","0.00","",""
"Fixed-telephone subscriptions 100 inhabitants","Korea (Rep. of)","54.59","","","54.03","","","53.62","","","52.07","","","48.60","","","49.09","","","45.89","","","46.92","","","49.52","","","54.50","","","57.61","","","59.19","","","60.13","","","60.25","","","58.25","","","56.83","","","54.99","","","52.54","","","50.63","","","48.27","",""
"Fixed-telephone subscriptions 100 inhabitants","Kosovo","","","","","","","","","","","","","","","","6.11","","","6.11","","","6.11","","","6.11","","","6.11","","","6.11","","","","","","","","","","","","","","","","","","","","","","","","","","","","",""
"Fixed-telephone subscriptions 100 inhabitants","Kuwait","22.84","","","22.46","","","22.55","","","22.52","","","22.58","","","22.24","","","21.78","","","21.49","","","19.58","","","18.73","","","17.36","","","16.25","","","15.23","","","14.41","","","13.38","","","12.51","","","13.48","","","13.36","","","12.46","","","13.87","",""
"Fixed-telephone subscriptions 100 inhabitants","Kyrgyzstan","7.64","","","7.82","","","7.91","","","7.90","","","8.26","","","8.68","","","8.95","","","9.30","","","9.41","","","9.34","","","9.02","","","9.10","","","8.70","","","8.05","","","7.58","","","6.85","","","6.29","","","5.85","","","5.25","","","4.66","",""
"Fixed-telephone subscriptions 100 inhabitants","Lao P.D.R.","0.77","","","0.97","","","1.13","","","1.25","","","1.32","","","1.58","","","1.58","","","1.60","","","2.11","","","1.63","","","1.65","","","1.70","","","6.98","","","10.73","","","13.87","","","14.28","","","18.50","","","16.19","","","20.99","","","20.79","",""
"Fixed-telephone subscriptions 100 inhabitants","Latvia","30.82","","","30.60","","","30.06","","","28.36","","","28.54","","","32.46","","","29.54","","","29.30","","","27.30","","","26.19","","","25.11","","ITU estimate.","24.66","","","23.01","","ITU estimate.","20.69","","","19.79","","","17.82","","","18.38","","","17.54","","","13.80","","","11.94","",""
"Fixed-telephone subscriptions 100 inhabitants","Lebanon","14.99","","","15.69","","","16.23","","","15.95","","","13.79","","","13.51","","","14.32","","","14.63","","","15.74","","","16.70","","","16.92","","","16.44","","","15.66","","","14.71","","","15.42","","","15.50","","","27.05","","","13.31","","","13.03","","","12.87","",""
"Fixed-telephone subscriptions 100 inhabitants","Lesotho","1.09","","","1.05","","","1.41","","","1.74","","","1.86","","","2.40","","","2.67","","","2.39","","","2.07","","","2.01","","","1.93","","","1.93","","","2.52","","","2.48","","","2.43","","","1.97","","","1.98","","","0.51","","","0.40","","","0.63","",""
"Fixed-telephone subscriptions 100 inhabitants","Liberia","0.24","","","0.23","","","0.23","","","","","","","","","","","","","","","0.06","","","0.06","","","0.06","","","0.15","","","0.23","","","0.33","","","0.26","","","0.23","","","0.20","","","0.17","","","","","","","","","","",""
"Fixed-telephone subscriptions 100 inhabitants","Libya","11.29","","","12.13","","","13.02","","","13.34","","ITU estimate.","14.00","","ITU estimate.","14.70","","ITU estimate.","15.44","","ITU estimate.","16.22","","ITU estimate.","15.19","","","17.33","","","19.82","","ITU estimate.","16.01","","ITU estimate.","12.95","","ITU estimate.","12.48","","","14.37","","","16.57","","","21.17","","","23.95","","","","","","","",""
"Fixed-telephone subscriptions 100 inhabitants","Liechtenstein","60.49","","","59.91","","","58.81","","","58.23","","","58.00","","","57.64","","","56.49","","","55.59","","","55.26","","","54.86","","","54.45","","","54.00","","","50.44","","","49.55","","","48.47","","","46.27","","","43.51","","","40.59","","","40.21","","","36.11","",""
"Fixed-telephone subscriptions 100 inhabitants","Lithuania","33.92","","","33.15","","","27.17","","","24.14","","","24.25","","","23.95","","","23.99","","","24.53","","","24.43","","","23.60","","","24.12","","","23.09","","","22.18","","","20.80","","","19.74","","","19.17","","","18.37","","","17.11","","","15.25","","","13.34","",""
"Fixed-telephone subscriptions 100 inhabitants","Luxembourg","57.07","","","58.30","","","56.01","","","54.77","","","54.23","","","53.40","","","53.35","","","52.26","","","53.69","","","53.09","","","53.63","","","53.75","","","50.24","","","49.32","","","48.89","","","48.86","","","47.72","","","46.51","","","45.27","","","43.43","",""
"Fixed-telephone subscriptions 100 inhabitants","Macao, China","41.34","","","40.29","","","39.24","","","37.95","","","36.88","","","36.12","","","35.78","","","35.28","","","34.14","","","32.39","","","31.28","","","30.19","","","28.82","","","27.44","","","26.02","","","24.27","","","23.17","","","22.17","","","19.55","","","","",""
"Fixed-telephone subscriptions 100 inhabitants","Madagascar","0.35","","","0.36","","","0.35","","","0.34","","","0.33","","","0.50","","","0.69","","","0.69","","","0.82","","","0.90","","","0.67","","","0.64","","","0.64","","","0.63","","","0.63","","","0.61","","","0.60","","","0.27","","","0.26","","","","",""
"Fixed-telephone subscriptions 100 inhabitants","Malawi","0.42","","","0.48","","","0.62","","","0.71","","","0.76","","","0.81","","","1.00","","","1.31","","","0.81","","","0.79","","","1.05","","","1.16","","","1.48","","","0.21","","","0.12","","","0.09","","","0.07","","","0.10","","","0.08","","","0.07","",""
"Fixed-telephone subscriptions 100 inhabitants","Malaysia","19.95","","","19.86","","","19.29","","","18.51","","","17.65","","","16.99","","","16.57","","","16.28","","","16.57","","","16.31","","","16.34","","","15.79","","","15.79","","","15.39","","","14.77","","","14.83","","","15.76","","","21.16","","","23.57","","","23.31","",""
"Fixed-telephone subscriptions 100 inhabitants","Maldives","8.74","","","9.51","","","9.74","","","9.93","","","10.12","","","10.10","","","9.83","","","9.86","","","13.66","","","8.63","","","7.76","","","6.33","","","5.83","","","5.43","","","5.18","","","4.82","","","4.45","","","4.11","","","3.64","","","3.14","",""
"Fixed-telephone subscriptions 100 inhabitants","Mali","0.36","","","0.45","","","0.49","","","0.51","","","0.53","","","0.59","","","0.62","","","0.59","","","0.57","","","0.58","","","0.76","","","0.67","","","0.70","","","0.77","","","0.91","","","0.97","","","1.12","","","1.16","","","1.20","","","1.23","",""
"Fixed-telephone subscriptions 100 inhabitants","Malta","51.87","","","52.42","","","51.98","","","51.96","","","51.27","","","49.95","","","51.28","","","56.50","","","58.88","","","59.99","","","59.78","","","55.59","","","54.47","","","54.28","","","53.55","","","53.10","","","53.74","","","54.87","","","58.15","","","58.32","",""
"Fixed-telephone subscriptions 100 inhabitants","Marshall Islands","7.88","","","8.14","","","8.36","","","8.35","","","10.11","","","","","","","","","","","","","","","","","","","","","","","","","","","","","","4.13","","","","","","","","","","","","","","","","",""
"Fixed-telephone subscriptions 100 inhabitants","Martinique","44.34","","","44.10","","","43.82","","","43.60","","","43.42","","","43.30","","","43.23","","","43.21","","","43.25","","","43.37","","","43.58","","","","","","","","","","","","","","","","","","","","","","","","","","","","",""
"Fixed-telephone subscriptions 100 inhabitants","Mauritania","0.72","","","0.92","","","1.13","","","1.34","","","1.33","","","1.36","","","1.12","","","1.26","","","2.32","","","2.19","","","2.05","","","2.01","","","1.76","","","1.41","","","1.31","","","1.27","","","1.28","","","1.33","","","1.36","","","1.37","",""
"Fixed-telephone subscriptions 100 inhabitants","Mauritius","23.70","","","25.69","","","26.44","","","28.80","","","29.10","","","29.25","","","29.10","","","29.24","","","29.34","","","30.16","","","31.07","","","29.94","","","27.85","","","28.91","","","29.60","","","30.17","","","30.87","","","32.67","","","34.27","","","36.13","",""
"Fixed-telephone subscriptions 100 inhabitants","Mayotte","6.65","","","6.42","","","6.20","","","6.00","","","5.80","","","5.61","","","5.43","","","5.26","","","5.09","","","4.94","","","4.79","","","","","","4.52","","","4.40","","","4.28","","","4.17","","","","","","","","","","","","","",""
"Fixed-telephone subscriptions 100 inhabitants","Mexico","12.47","","","13.73","","","14.73","","","15.84","","","17.29","","","18.41","","","18.47","","","18.32","","","18.49","","","17.34","","","17.46","","","17.28","","","17.56","","","15.65","","","15.42","","","16.55","","","16.88","","","16.63","","","17.15","","","17.81","",""
"Fixed-telephone subscriptions 100 inhabitants","Micronesia","8.98","","","9.40","","","9.44","","","10.42","","","11.25","","","11.73","","","8.46","","","8.33","","","8.40","","","8.45","","","8.21","","","8.12","","","8.04","","","9.48","","","6.54","","","6.25","","","6.25","","","6.23","","","","","","","",""
"Fixed-telephone subscriptions 100 inhabitants","Moldova","13.89","","","15.27","","","17.22","","","18.96","","","20.71","","","22.35","","","24.55","","","26.15","","","27.10","","","27.79","","","28.42","","","28.93","","","29.58","","","29.98","","","29.91","","","29.54","","","28.81","","","28.18","","","27.35","","","26.50","",""
"Fixed-telephone subscriptions 100 inhabitants","Monaco","93.22","","","91.33","","","102.76","","","101.04","","","101.03","","","100.42","","","100.46","","","100.51","","","100.37","","","122.58","","","120.49","","","123.51","","","125.46","","","126.96","","","135.60","","","130.14","","","122.34","","","122.46","","","112.13","","","113.23","",""
"Fixed-telephone subscriptions 100 inhabitants","Mongolia","4.90","","","5.14","","","5.24","","","5.60","","","5.85","","","6.18","","","7.63","","","7.07","","","7.62","","","7.06","","","7.10","","","6.77","","","6.26","","","6.10","","","7.77","","","8.53","","","7.37","","","9.40","","","11.67","","","10.89","",""
"Fixed-telephone subscriptions 100 inhabitants","Montenegro","","","","","","","","","","","","","","","","27.73","","","27.23","","","28.45","","","28.01","","","27.57","","","27.32","","ITU estimate.","27.33","","ITU estimate.","27.13","","ITU estimate.","26.99","","","26.28","","","24.63","","","23.60","","","24.25","","","27.54","","","29.96","",""
"Fixed-telephone subscriptions 100 inhabitants","Montserrat","57.03","","","","","","","","","","","","","","","","","","60.08","","","58.41","","","57.13","","ITU estimate.","55.20","","ITU estimate.","53.07","","","52.88","","","52.74","","ITU estimate.","60.68","","","62.54","","","60.40","","","","","","","","","","","","","",""
"Fixed-telephone subscriptions 100 inhabitants","Morocco","4.95","","","4.09","","","3.83","","","4.09","","","4.35","","","4.40","","","4.11","","","7.68","","","9.48","","","11.01","","","11.59","","","10.88","","","9.86","","","8.68","","","7.28","","","6.41","","","5.89","","","5.75","","","6.10","","","5.63","",""
"Fixed-telephone subscriptions 100 inhabitants","Mozambique","0.48","","","0.48","","","0.47","","","0.40","","","0.38","","","0.32","","","0.33","","","0.36","","","0.35","","","0.36","","","0.37","","","0.36","","","0.35","","","0.30","","","0.33","","","0.33","","","0.30","","","0.28","","","0.21","","","0.27","",""
"Fixed-telephone subscriptions 100 inhabitants","Myanmar","0.58","","","0.63","","","0.72","","","0.75","","","0.87","","","1.03","","","1.16","","","0.94","","","1.01","","","0.88","","","0.97","","","1.03","","","1.02","","","1.03","","","1.01","","","0.98","","","0.97","","","1.04","","","0.97","","","","",""
"Fixed-telephone subscriptions 100 inhabitants","Namibia","6.14","","","6.44","","","6.56","","","6.78","","","6.71","","","7.17","","","6.91","","","6.89","","","7.11","","","7.14","","","7.41","","","7.38","","","7.80","","","8.22","","","8.03","","","7.88","","","7.97","","","8.03","","","6.32","","","5.60","",""
"Fixed-telephone subscriptions 100 inhabitants","Nauru","17.41","","","18.11","","","17.82","","","18.01","","","18.18","","","18.28","","","18.32","","","18.29","","","18.20","","","19.12","","","0.00","","","0.00","","","0.00","","","0.00","","","0.00","","","","","","","","","","","","","","","","",""
"Fixed-telephone subscriptions 100 inhabitants","Nepal (Republic of)","1.11","","","1.22","","","1.33","","","1.48","","","1.64","","","1.88","","","2.35","","","2.66","","","3.02","","","3.02","","","3.12","","","3.13","","","3.08","","","3.08","","","3.11","","","3.14","","","3.15","","","3.12","","","2.85","","","","",""
"Fixed-telephone subscriptions 100 inhabitants","Neth. Antilles","44.50","","","45.12","","","45.51","","","45.70","","","45.75","","","45.71","","","45.57","","","45.36","","","45.13","","","44.94","","","44.85","","","","","","","","","","","","","","","","","","","","","","","","","","","","",""
"Fixed-telephone subscriptions 100 inhabitants","Netherlands","62.09","","","50.93","","","49.82","","","48.43","","","48.26","","","46.43","","","45.32","","ITU estimate.","44.86","","","44.16","","","43.64","","","43.35","","","42.62","","","42.77","","","42.30","","","41.12","","","41.04","","","39.89","","","38.49","","","34.58","","","32.52","",""
"Fixed-telephone subscriptions 100 inhabitants","New Caledonia","23.48","","","22.89","","","23.06","","","22.65","","","22.89","","","23.39","","","24.09","","","24.74","","","25.54","","","26.96","","","28.48","","","29.64","","","30.69","","","32.17","","","33.05","","","28.67","","","","","","","","","","","","","",""
"Fixed-telephone subscriptions 100 inhabitants","New Zealand","47.45","","","46.65","","","44.53","","","44.70","","","44.13","","","41.81","","","42.09","","","41.27","","","40.91","","","43.25","","","43.02","","","42.55","","","42.07","","","40.94","","","40.50","","","40.09","","","37.77","","","38.07","","","37.11","","","","",""
"Fixed-telephone subscriptions 100 inhabitants","Nicaragua","3.24","","","3.07","","","3.29","","","3.87","","","4.00","","","4.06","","","4.50","","","4.45","","","4.49","","","4.43","","","4.44","","","4.87","","","5.00","","","5.36","","","5.53","","","5.69","","","5.82","","","5.89","","","5.04","","","3.50","",""
"Fixed-telephone subscriptions 100 inhabitants","Niger","0.18","","","0.18","","","0.18","","","0.18","","","0.18","","","0.18","","","0.21","","","0.28","","","0.42","","","0.48","","","0.51","","","0.50","","","0.56","","","0.54","","","0.55","","","0.55","","","0.77","","","0.53","","","","","","","",""
"Fixed-telephone subscriptions 100 inhabitants","Nigeria","0.45","","","0.48","","","0.55","","","0.67","","","0.76","","","0.88","","","1.18","","","1.08","","","0.87","","","0.96","","","0.66","","","0.44","","","0.25","","","0.21","","","0.10","","","0.10","","","0.08","","","0.07","","","0.07","","","0.05","",""
"Fixed-telephone subscriptions 100 inhabitants","Niue","55.29","","","56.63","","","58.63","","","59.83","","","61.22","","","62.39","","","60.20","","","60.86","","","61.16","","","61.43","","","61.80","","","","","","62.11","","","62.03","","","62.15","","","61.77","","","","","","","","","","","","","",""
"Fixed-telephone subscriptions 100 inhabitants","Norfolk Islands","","","","","","","","","","","","","","","","","","","","","","","","","","","","","","","","","","","","","","","","","","","","","","","","","","","","","","","","","","","",""
"Fixed-telephone subscriptions 100 inhabitants","North Macedonia","24.93","","","26.36","","","27.33","","","25.57","","","26.11","","","25.90","","","23.79","","","22.45","","","22.11","","","21.14","","","19.95","","","20.36","","","19.68","","","19.10","","","18.46","","","17.84","","","17.70","","","17.60","","","18.38","","","19.22","",""
"Fixed-telephone subscriptions 100 inhabitants","Northern Marianas","36.53","","","36.69","","","37.49","","","38.66","","","39.83","","","41.21","","","42.59","","","43.83","","","45.22","","","46.32","","","47.25","","","","","","42.35","","","41.98","","","40.50","","","39.44","","","","","","","","","","","","","",""
"Fixed-telephone subscriptions 100 inhabitants","Norway","53.36","","","51.69","","","50.97","","","48.93","","","47.42","","","45.52","","","43.98","","","42.13","","","39.81","","","36.69","","","33.72","","","30.76","","","27.84","","","24.35","","","21.02","","","18.16","","","15.37","","","12.97","","","10.59","","","8.27","",""
"Fixed-telephone subscriptions 100 inhabitants","Oman","9.78","","","10.04","","","9.75","","","9.90","","","9.93","","","10.56","","","10.45","","","11.10","","","10.94","","","10.44","","","9.34","","","8.84","","","8.71","","","9.33","","","9.32","","","10.19","","","9.43","","","10.93","","","12.18","","","12.82","",""
"Fixed-telephone subscriptions 100 inhabitants","Pakistan","2.15","","","2.23","","","2.44","","","2.64","","","2.87","","","3.26","","","3.19","","","2.86","","","2.57","","","3.50","","","3.39","","","3.12","","","3.13","","","3.33","","","2.51","","","1.77","","","1.52","","","1.41","","","1.32","","","1.14","",""
"Fixed-telephone subscriptions 100 inhabitants","Palau","","","","","","","35.28","","","37.21","","","39.01","","","40.33","","","37.49","","","39.01","","","39.49","","","39.03","","","38.85","","","38.97","","","41.52","","","41.25","","","40.42","","","40.78","","","","","","","","","","","","","",""
"Fixed-telephone subscriptions 100 inhabitants","Palestine","8.44","","","7.71","","","7.16","","","7.07","","","7.74","","","9.42","","","8.79","","","9.29","","","9.20","","","9.30","","","8.89","","","9.22","","","9.29","","","9.30","","","9.10","","","8.98","","","9.32","","","10.03","","","9.66","","","9.38","",""
"Fixed-telephone subscriptions 100 inhabitants","Panama","14.16","","","12.36","","","12.29","","","11.89","","","12.99","","","14.13","","","14.40","","","14.34","","","14.90","","","14.99","","","14.81","","","15.11","","","15.11","","","15.04","","","15.08","","","15.63","","","16.17","","","16.13","","","17.44","","","17.46","",""
"Fixed-telephone subscriptions 100 inhabitants","Papua New Guinea","1.11","","","1.03","","","1.02","","","1.01","","","1.00","","","0.98","","","0.93","","","0.88","","","0.96","","","1.28","","","1.66","","","1.74","","","1.82","","","1.80","","","1.83","","","1.85","","","1.86","","","1.87","","","","","","","",""
"Fixed-telephone subscriptions 100 inhabitants","Paraguay","5.31","","","5.32","","","4.94","","","4.98","","","5.29","","","5.50","","","5.60","","","6.58","","","6.09","","","6.28","","","5.81","","","5.82","","","6.40","","","6.72","","","5.64","","","5.16","","","5.17","","","4.29","","","4.35","","","3.87","",""
"Fixed-telephone subscriptions 100 inhabitants","Peru","6.49","","","5.86","","","6.11","","","6.72","","","7.94","","","8.62","","","9.11","","","10.04","","","10.77","","","12.32","","","10.89","","","11.11","","","11.58","","","10.77","","","10.08","","","9.56","","","9.94","","","9.80","","","8.53","","","","",""
"Fixed-telephone subscriptions 100 inhabitants","Philippines","3.93","","","4.16","","","4.07","","","4.02","","","4.06","","","3.90","","","4.13","","","4.41","","","4.48","","","4.44","","","3.55","","","3.72","","","3.59","","","3.18","","","3.08","","","3.16","","","3.65","","","3.96","","","3.87","","","3.94","",""
"Fixed-telephone subscriptions 100 inhabitants","Poland","28.39","","","29.59","","","30.82","","","31.98","","ITU estimate.","32.69","","","30.85","","","29.92","","","27.35","","","24.65","","","22.15","","","20.00","","","17.90","","","15.57","","","21.64","","","25.55","","","23.80","","","21.44","","","19.53","","","17.34","","","18.01","",""
"Fixed-telephone subscriptions 100 inhabitants","Portugal","41.96","","","42.41","","","41.89","","","41.05","","","40.48","","","40.29","","","40.23","","","39.76","","","39.26","","","40.82","","","42.34","","","42.98","","","43.30","","","43.25","","","44.04","","","45.17","","","46.37","","","46.96","","","49.47","","","49.75","",""
"Fixed-telephone subscriptions 100 inhabitants","Puerto Rico","35.41","","","35.10","","","34.84","","","33.19","","","30.53","","","28.57","","ITU estimate.","28.64","","ITU estimate.","28.01","","","26.31","","","25.18","","","24.88","","","23.21","","","19.97","","","18.86","","","23.84","","","24.05","","","24.78","","","24.77","","","23.14","","","23.42","",""
"Fixed-telephone subscriptions 100 inhabitants","Qatar","27.04","","","27.23","","","27.54","","","27.06","","","25.34","","","23.73","","","22.33","","","19.48","","","18.51","","","17.40","","","14.54","","","15.18","","","17.96","","","17.66","","","16.98","","","17.92","","","17.60","","","16.94","","","16.25","","","16.29","",""
"Fixed-telephone subscriptions 100 inhabitants","Romania","17.61","","","18.72","","","19.29","","","19.94","","","20.34","","","20.46","","","19.77","","","20.99","","","22.80","","","22.92","","","21.98","","","23.01","","","22.99","","","23.44","Provisional.","","22.76","","","21.43","","","20.76","","","19.79","","","18.76","","","17.45","",""
"Fixed-telephone subscriptions 100 inhabitants","Russian Federation","21.91","","","22.82","","","24.45","","","24.96","","","26.72","","","27.91","","","30.61","","","31.56","","","31.79","","","31.66","","","31.30","","","30.72","","","29.28","","","28.04","","","26.41","","","24.52","","","22.22","","","21.96","","","20.66","","","18.97","",""
"Fixed-telephone subscriptions 100 inhabitants","Rwanda","0.22","","","0.26","","","0.30","","","0.30","","","0.26","","","0.27","","","0.26","","","0.25","","","0.18","","","0.34","","","0.40","","","0.38","","","0.42","","","0.42","","","0.45","","","0.15","","","0.11","","","0.10","","","0.11","","","0.09","",""
"Fixed-telephone subscriptions 100 inhabitants","RÃ©union","38.01","","","40.07","","","42.09","","","44.08","","","46.04","","","48.00","","","49.97","","","51.93","","","53.90","","","55.86","","","57.90","","","","","","","","","","","","","","","","","","","","","","","","","","","","",""
"Fixed-telephone subscriptions 100 inhabitants","Saint Kitts and Nevis","49.71","","","50.45","","","52.03","","","51.37","","","43.93","","","43.32","","","43.62","","","42.80","","","42.34","","","42.18","","","40.39","","","40.04","","ITU estimate.","40.09","","ITU estimate.","38.15","","","38.21","","","38.57","","","33.77","","","33.23","","","30.79","","","","",""
"Fixed-telephone subscriptions 100 inhabitants","Saint Lucia","31.20","","","31.61","","","32.07","","","30.52","","","25.96","","","23.87","","","23.80","","","23.67","","","24.08","","","22.39","","","21.51","","","20.45","","","20.86","","","18.87","","","18.41","","","19.47","","","19.74","","","19.35","","","20.05","","","","",""
"Fixed-telephone subscriptions 100 inhabitants","Saint Vincent and the Grenadines","23.11","","","24.17","","","25.28","","","19.56","","","17.53","","","20.72","","","20.85","","","21.13","","","21.01","","","21.26","","","20.05","","","20.98","","","17.87","","","17.56","","","21.96","","","22.78","","","18.77","","","18.29","","","17.44","","","11.70","",""
"Fixed-telephone subscriptions 100 inhabitants","Samoa","4.88","","","5.51","","","6.68","","","7.49","","","9.18","","","10.85","","","","","","","","","","","","","","","4.30","","","","","","4.37","","","4.39","","","6.13","","","5.92","","","4.98","","","4.33","","","","","","","",""
"Fixed-telephone subscriptions 100 inhabitants","San Marino","73.93","","","73.71","","","73.12","","","72.44","","","71.71","","","71.10","","","70.71","","","70.12","","","69.99","","","66.29","","","62.62","","","59.02","","","58.25","","","57.60","","","56.45","","","49.74","","","47.76","","","53.46","","","48.84","","","47.25","",""
"Fixed-telephone subscriptions 100 inhabitants","Sao Tome and Principe","3.24","","","3.76","","","4.32","","","4.63","","","4.59","","","4.52","","","4.70","","","4.60","","","4.47","","","4.37","","","4.33","","","4.31","","","4.26","","","3.63","","","3.47","","","3.23","","","2.82","","","2.69","","","2.51","","","2.22","",""
"Fixed-telephone subscriptions 100 inhabitants","Saudi Arabia","14.35","","","15.25","","","15.67","","","15.60","","","15.97","","","16.14","","","16.13","","","15.87","","","15.84","","","15.66","","","15.19","","","16.39","","","16.47","","","16.44","","","","","","11.81","","","13.07","","","14.08","","","15.99","","","15.69","",""
"Fixed-telephone subscriptions 100 inhabitants","Senegal","2.10","","","2.36","","","2.18","","","2.17","","","2.27","","","2.40","","","2.48","","","2.30","","","1.98","","","2.26","","","2.70","","","2.66","","","2.54","","","2.49","","","2.20","","","2.06","","","1.91","","","1.88","","","1.91","","","1.27","",""
"Fixed-telephone subscriptions 100 inhabitants","Serbia","","","","","","","","","","","","","29.05","","","27.49","","","29.73","","","32.89","","","34.05","","","34.42","","","34.59","","","33.81","","","33.30","","","33.99","","","32.10","","","31.21","","","30.32","","","29.56","","","29.25","","","29.24","",""
"Fixed-telephone subscriptions 100 inhabitants","Seychelles","25.46","","","25.78","","","25.27","","","24.70","","","24.34","","","24.14","","","23.10","","","25.22","","","24.68","","","28.72","","","24.16","","","30.38","","","22.62","","","23.29","","","22.51","","","22.47","","","21.77","","","20.38","","","20.90","","","20.59","",""
"Fixed-telephone subscriptions 100 inhabitants","Sierra Leone","0.41","","","0.48","","","0.48","","","0.49","","","0.49","","","0.49","","","0.50","","","0.51","","","0.51","","","0.52","","","0.22","","","0.24","","","0.27","","","0.23","","","0.24","","","0.24","","","0.23","","","0.23","","","0.06","","","0.04","",""
"Fixed-telephone subscriptions 100 inhabitants","Singapore","48.30","","","47.77","","","46.95","","","45.76","","","44.46","","","43.24","","","42.10","","","40.66","","","39.28","","","38.88","","","38.90","","","38.34","","","37.02","","","36.07","","","36.14","","","36.05","","","35.35","","","34.89","","","34.75","","","32.93","",""
"Fixed-telephone subscriptions 100 inhabitants","Slovakia","31.45","","","28.82","","","25.98","","","23.98","","","23.16","","","22.17","","","21.62","","","24.27","","","23.87","","","22.58","","","20.33","","","19.52","","","18.00","","","17.84","","","16.92","","","15.94","","","15.13","","","13.93","","","13.25","","","12.37","",""
"Fixed-telephone subscriptions 100 inhabitants","Slovenia","39.51","","","40.35","","","40.65","","","40.86","","","49.97","","","51.10","","","51.39","","","49.98","","","48.36","","","46.17","","","44.58","","","42.96","","","40.59","","","38.70","","","37.23","","","36.36","","","35.13","","","35.59","","","34.78","","","34.02","",""
"Fixed-telephone subscriptions 100 inhabitants","Solomon Islands","1.86","","","1.74","","","1.52","","","1.40","","","1.52","","","1.58","","","1.58","","","1.58","","","1.59","","","1.59","","","1.59","","","1.55","","","1.45","","","1.33","","","1.28","","","1.23","","","1.20","","","1.16","","","1.14","","","1.06","",""
"Fixed-telephone subscriptions 100 inhabitants","Somalia","0.28","","","0.38","","","0.37","","","1.02","","","0.99","","","0.96","","","0.93","","","0.90","","","0.88","","","0.85","","","0.83","","","0.73","","","0.55","","","0.49","","","0.43","","","0.37","","","0.34","","","","","","0.50","","","","",""
"Fixed-telephone subscriptions 100 inhabitants","South Africa","11.03","","","10.81","","","10.65","","","10.51","","","10.37","","","10.23","","","10.08","","","9.94","","","9.79","","","9.64","","","9.49","","","9.33","","","9.17","","","7.22","","","6.69","","","7.46","","","8.05","","","8.44","","","5.79","","","3.46","",""
"Fixed-telephone subscriptions 100 inhabitants","South Sudan","","","","","","","","","","","","","","","","","","","","","","","","","","","","","","","0.03","","","0.02","","","0.00","Less than 0.01 subscriptions per 100 inhabitants.","","0.00","","","0.00","","","0.00","","","0.00","","","0.00","","","0.00","","","","",""
"Fixed-telephone subscriptions 100 inhabitants","Spain","41.90","","","42.43","","","42.08","","","41.69","","","41.41","","","44.21","","","44.41","","","44.45","","","44.66","","","43.46","","","43.00","","","42.24","","","41.59","","","41.30","","","41.12","","","41.51","","","41.79","","","41.99","","","41.73","","","42.02","",""
"Fixed-telephone subscriptions 100 inhabitants","Sri Lanka","4.09","","","4.37","","","4.63","","","4.88","","","5.11","","","6.36","","","9.57","","","13.82","","","17.25","","","17.07","","","17.66","","","17.69","","","16.80","","","13.10","","","13.04","","","15.72","","","11.80","","","12.32","","","11.65","","","10.75","",""
"Fixed-telephone subscriptions 100 inhabitants","St. Helena","34.01","","","35.83","","","37.13","","","38.87","","","41.00","","","41.96","","","42.64","","","43.93","","","44.49","","","45.49","","","45.90","","","45.81","","","46.93","","","46.70","","","46.58","","","46.51","","","46.31","","","49.93","","","","","","","",""
"Fixed-telephone subscriptions 100 inhabitants","St. Maarten","","","","","","","","","","","","","","","","","","","","","","","","","","","","","","","","","","","","","","","","","","","","","","","","","","","","","","","","","","","",""
"Fixed-telephone subscriptions 100 inhabitants","St. Pierre & Miquelon","75.79","","","76.79","","","77.42","","","78.07","","","78.48","","","78.39","","","77.97","","","77.16","","","76.26","","","75.71","","","75.55","","","","","","","","","","","","","","","","","","","","","","","","","","","","",""
"Fixed-telephone subscriptions 100 inhabitants","Sudan","1.16","","","1.30","","","1.90","","","2.57","","","2.75","","","1.48","","","1.26","","","0.85","","","0.88","","","0.86","","","1.58","","","1.37","","","1.17","","","1.12","","","1.09","","","0.31","","","0.34","","","0.35","","","0.33","","","0.32","",""
"Fixed-telephone subscriptions 100 inhabitants","Suriname","15.99","","","16.23","","","16.32","","","16.36","","","16.55","","","16.23","","","16.13","","","16.04","","","16.05","","","16.01","","","16.06","","","15.69","","","15.97","","","15.52","","","15.35","","","16.44","","","15.76","","","15.61","","","15.30","","","15.95","",""
"Fixed-telephone subscriptions 100 inhabitants","Sweden","68.19","","","66.92","","","65.57","","","64.57","","","63.27","","","62.34","","","60.98","","","60.02","","","57.79","","","55.19","","","50.42","","","47.35","","","43.69","","","40.84","","","38.99","","","36.40","","","31.56","","","26.43","","","21.70","","","17.45","",""
"Fixed-telephone subscriptions 100 inhabitants","Switzerland","73.29","","","74.99","","","74.62","","","73.24","","","71.73","","","69.72","","","67.33","","","65.37","","","63.33","","","66.53","","","62.85","","","61.95","","","58.97","","","56.65","","","53.31","","","49.90","","","45.02","","","42.09","","","38.38","","","36.11","",""
"Fixed-telephone subscriptions 100 inhabitants","Syrian Arab Republic","10.21","","","10.84","","","12.26","","","13.84","","","14.91","","","15.81","","","17.02","","","17.37","","","17.58","","","18.25","","","19.05","","","20.34","","","20.81","","","22.62","","","19.40","","","19.67","","","19.84","","","15.95","","","16.17","","","16.66","",""
"Fixed-telephone subscriptions 100 inhabitants","Taiwan, Province of China","57.55","","","58.11","","","59.89","","","62.06","","","62.79","","","63.77","","","63.28","","","62.65","","","62.42","","","68.58","","","70.87","","","72.66","","","68.52","","","70.86","","","59.78","","","59.07","","","58.31","","","57.30","","","55.53","","","54.56","",""
"Fixed-telephone subscriptions 100 inhabitants","Tajikistan","3.52","","","3.59","","","3.70","","","3.75","","","4.10","","","4.13","","","","","","4.14","","","3.98","","","4.72","","","4.88","","","4.94","","","4.99","","","5.27","","","5.34","","","5.41","","","5.40","","","5.39","","","","","","","",""
"Fixed-telephone subscriptions 100 inhabitants","Tanzania","0.52","","","0.52","","","0.46","","","0.40","","","0.40","","","0.40","","","0.38","","","0.40","","","0.30","","","0.40","","","0.39","","","0.35","","","0.37","","","0.34","","","0.30","","","0.28","","","0.24","","","0.23","","","0.22","","","0.13","",""
"Fixed-telephone subscriptions 100 inhabitants","Thailand","8.88","","","9.52","","","10.23","","","10.27","","","10.48","","","10.75","","","10.75","","","10.61","","","11.11","","","10.78","","","10.17","","","9.87","","","9.40","","","8.89","","","8.31","","","7.73","","","6.82","","","14.38","","","8.73","","","7.78","",""
"Fixed-telephone subscriptions 100 inhabitants","Timor-Leste","","","","","","","","","","0.21","","","0.22","","","0.23","","","0.25","","","0.24","","","0.25","","","0.27","","","0.27","","","0.27","","","0.26","","","0.26","","","0.30","","","0.23","","","0.21","","","0.19","","","0.17","","","0.16","",""
"Fixed-telephone subscriptions 100 inhabitants","Togo","0.87","","","0.96","","","0.98","","","1.15","","","1.21","","","1.12","","","1.42","","","1.68","","","2.32","","","2.86","","","0.93","","","0.91","","","0.91","","","0.90","","","0.75","","","0.72","","","0.45","","","0.47","","","0.48","","","0.54","",""
"Fixed-telephone subscriptions 100 inhabitants","Tokelau","14.80","","","19.96","","","19.51","","","19.25","","","21.21","","","22.35","","","25.71","","","26.29","","","26.64","","","26.64","","","26.32","","","","","","","","","0.00","","","","","","","","","","","","","","","","","","","",""
"Fixed-telephone subscriptions 100 inhabitants","Tonga","9.90","","","10.97","","","11.31","","","12.05","","","12.97","","","13.62","","","18.14","","","20.50","","","24.70","","","29.84","","","29.81","","","28.97","","","29.20","","","30.46","","","11.88","","","13.12","","","10.88","","","14.41","","","14.24","","","6.35","",""
"Fixed-telephone subscriptions 100 inhabitants","Trinidad and Tobago","25.00","","","24.52","","","24.91","","","24.84","","","24.99","","","24.86","","","24.99","","","23.49","","","23.95","","","22.96","","","22.08","","","21.86","","","21.31","","","21.52","","","21.21","","","19.77","","","19.76","","","18.60","","","22.98","","","24.62","",""
"Fixed-telephone subscriptions 100 inhabitants","Tunisia","9.84","","","10.78","","","11.64","","","11.70","","","12.01","","","12.44","","","12.43","","","12.36","","","11.90","","","12.15","","","12.13","","","11.34","","","10.13","","","9.33","","","8.58","","","8.44","","","8.62","","","9.74","","","11.26","","","12.43","",""
"Fixed-telephone subscriptions 100 inhabitants","Turkey","29.09","","","29.45","","","29.00","","","28.62","","","28.54","","","27.95","","","27.39","","","26.16","","","24.85","","","23.18","","","22.40","","","20.71","","","18.57","","","17.85","","","16.22","","","14.64","","","13.88","","","13.94","","","14.13","","","13.82","",""
"Fixed-telephone subscriptions 100 inhabitants","Turkmenistan","8.07","","","8.49","","","8.11","","","8.08","","","8.25","","","8.37","","","8.81","","","9.41","","","9.68","","","9.87","","","10.22","","","10.57","","","10.92","","","11.22","","","11.42","","","11.64","","","11.74","","","11.85","","","","","","","",""
"Fixed-telephone subscriptions 100 inhabitants","Turks & Caicos Is.","16.84","","","17.72","","","15.63","","","14.85","","","13.93","","","13.13","","","12.59","","","12.18","","","11.86","","","11.59","","","11.33","","","","","","10.86","","","11.52","","","11.59","","","11.12","","","","","","","","","","","","","",""
"Fixed-telephone subscriptions 100 inhabitants","Tuvalu","7.03","","","6.85","","","6.88","","","7.20","","","7.60","","","8.90","","","10.87","","","12.72","","","9.70","","","7.67","","","11.40","","","13.64","","","13.50","","","13.36","","","13.67","","","18.02","","","17.82","","","17.59","","","","","","","",""
"Fixed-telephone subscriptions 100 inhabitants","Uganda","0.26","","","0.23","","","0.22","","","0.23","","","0.27","","","0.32","","","0.38","","","0.56","","","0.55","","","0.74","","","1.01","","","1.39","","","0.91","","","0.76","","","0.88","","","0.86","","","0.93","","","0.64","","","0.19","","","0.17","",""
"Fixed-telephone subscriptions 100 inhabitants","Ukraine","21.33","","","22.04","","","22.58","","","23.35","","","25.72","","","24.88","","","26.59","","","27.82","","","28.53","","","28.32","","","28.26","","","27.82","","","26.86","","","26.22","","","24.67","","","21.31","","","19.84","","","16.94","","","14.39","","","9.96","",""
"Fixed-telephone subscriptions 100 inhabitants","United Arab Emirates","32.55","","","31.88","","","31.44","","","30.60","","","29.19","","","26.96","","","24.71","","","22.46","","","22.51","","","19.96","","","17.30","","","20.40","","","21.52","","","22.68","","","22.82","","","24.38","","","24.42","","","24.46","","","24.31","","","24.18","",""
"Fixed-telephone subscriptions 100 inhabitants","United Kingdom","59.79","","","58.49","","","58.55","","","58.01","","","57.75","","","56.51","","","55.65","","","54.45","","","55.02","","","53.33","","","52.65","","","51.94","","","51.45","","","51.37","","","50.80","","","50.43","","","49.22","","","47.61","","","46.90","","","47.81","",""
"Fixed-telephone subscriptions 100 inhabitants","United States","68.34","","","67.31","","","65.88","","","63.12","","","60.78","","","59.38","","","56.24","","","52.70","","","53.63","","","49.91","","","48.43","","","46.00","","","44.13","","","42.11","","","40.32","","","38.91","","","37.57","","","35.77","","","33.76","","","32.69","",""
"Fixed-telephone subscriptions 100 inhabitants","Uruguay","27.99","","","28.59","","","28.46","","","28.23","","","30.01","","","30.28","","","29.68","","","28.97","","","28.72","","","28.47","","","28.64","","","28.64","","","29.92","","","30.93","","","31.85","","","32.43","","","32.52","","","33.08","","","33.44","","","33.66","",""
"Fixed-telephone subscriptions 100 inhabitants","Uzbekistan","6.68","","","6.62","","","6.61","","","6.67","","","6.71","","","6.79","","","6.87","","","6.70","","","6.69","","","6.62","","","6.64","","","6.65","","","6.72","","","6.68","","","8.24","","","9.11","","","10.85","","","10.78","","","10.65","","","10.77","",""
"Fixed-telephone subscriptions 100 inhabitants","Vanuatu","3.59","","","3.57","","","3.41","","","3.29","","","3.31","","","3.33","","","3.50","","","4.02","","","4.63","","","3.14","","","3.01","","","2.42","","","1.94","","","2.14","","","2.17","","","1.77","","","1.64","","","1.58","","","1.42","","","1.27","",""
"Fixed-telephone subscriptions 100 inhabitants","Vatican","","","","","","","","","","","","","","","","","","","","","","","","","","","","","","","","","","","","","","","","","","","","","","","","","","","","","","","","","","","",""
"Fixed-telephone subscriptions 100 inhabitants","Venezuela","10.48","","","10.97","","","11.32","","","11.57","","","12.87","","","13.81","","","15.70","","","19.07","","","23.22","","","24.50","","","24.90","","","25.38","","","26.05","","","26.10","","","25.99","","","25.86","","","25.66","","","20.16","","","19.20","","","18.77","",""
"Fixed-telephone subscriptions 100 inhabitants","Viet Nam","3.18","","","3.78","","","4.82","","","5.35","","","12.19","","","","","","10.12","","","13.07","","","17.12","","","20.01","","","16.34","","","11.45","","","10.64","","","7.41","","","7.33","","","7.90","","","5.98","","","4.64","","","4.50","","","3.79","",""
"Fixed-telephone subscriptions 100 inhabitants","Virgin Islands (US)","62.80513604","","","63.85073281","","","63.89863763","","","64.31432263","","","65.58117159","","","66.51576155","","","67.46570881","","","68.52448303","","","69.50429016","","","70.48077285","","","71.45079039","","","","","","","","","72.17268264","","","72.39758738","","","72.40991635","","","","","","","","","","","","","",""
"Fixed-telephone subscriptions 100 inhabitants","Wallis and Futuna","11.60337553","","","12.73327494","","","11.22898319","","","11.14864865","","","11.51527198","","","11.76116206","","","14.66903963","","","17.12425701","","","20.99720136","","","22.77735272","","","24.5645835","","","25.4052319","","","25.29292929","","","","","","25.3808752","","","","","","","","","","","","","","","","",""
"Fixed-telephone subscriptions 100 inhabitants","Yemen","1.991542111","","","2.356396979","","","2.939780329","","","3.654906505","","","4.083909917","","","4.482850078","","ITU estimate.","4.680706543","","","4.802064042","","","4.389702133","","","4.427871877","","","4.518546974","","","4.515367117","","","4.511061048","","","4.545254089","","","4.525338079","","","4.310633953","","","4.291147948","","","4.275220902","","","","","","","",""
"Fixed-telephone subscriptions 100 inhabitants","Zambia","0.7999851","","","0.801163989","","","0.799092356","","","0.785538055","","","0.794059759","","","0.798439844","","","0.767461228","","","0.734138274","","","0.705139031","","","0.683617478","","","0.870117148","","","0.611322535","","","0.570626644","","","0.77554456","","","0.742997241","","","0.731547069","","","0.619716199","","","0.60191298","","","0.578870968","","","0.541508524","",""
"Fixed-telephone subscriptions 100 inhabitants","Zimbabwe","2.09906563","","","2.127975764","","","2.407955638","","","2.511395213","","","2.637290523","","","2.715973959","","","2.760571334","","","2.814965696","","","2.811087868","","","3.074295392","","","2.984787115","","","2.760905149","","","2.300011818","","","2.278303385","","","2.424980534","","","2.415569756","","","2.178993496","","","1.855429616","","","1.861989658","","","1.81444526","",""
